{
	"format_version": "1.14.0",
	"minecraft:npc_dialogue": {
		"scenes": [
			{
				"scene_tag": "netball_welcome",
				"npc_name": "Netball Club Rep",
				"text": "Hi, this is the netball society. With 8 teams playing weekly, including 6 BUCS teams and 2 IMG teams, CUNC is a welcoming and friendly club focused on competing at the highest level as well as having fun off the court!",
				"buttons": [
					{
						"name": "When do you meet? ",
						"commands": ["/dialogue open @s @initiator netball_club_scene_2"]
					},
					{
						"name": "How much is it?",
						"commands": ["/dialogue open @s @initiator netball_club_scene_3"]
					},
					{
						"name": "Kind of socials?",
						"commands": ["/dialogue open @s @initiator netball_club_scene_4"]
					},
					{
						"name": "Thank you!"
					},
					{
						"name": "See Webpage",
                        			"url": "https://www.cardiffstudents.com/activities/sport/netball/"
					},
					{
						"name": "See Instagram",
                        			"url": "https://www.instagram.com/cardiffuninetballclub"
					}
				]
			},
			{
				"scene_tag": "netball_club_scene_2",
				"npc_name": "Netball Club Rep",
				"text": "Regular Weekly Training:\nMONDAY –\n6:45 - 7:45am:\n1s and 2s\nStrength and Conditioning @ Park Place\n\n7 - 8pm:\n1s and 2s\nCourt session @ Talybont\n\n7 - 8pm:\n3s - 6s\nFitness @ Talybont\n\nTUESDAY –\n7 - 8am:\n1s - 9s (shooters only)\n@ Talybont\n\n7 - 8am:\n1s and 2s\nTraining @ Talybont\n\n7 - 8pm:\n7s and 8s (IMG)\nTraining @ Talybont\n\nWEDNESDAY –\n1s - 9s\nGame Day (Home/Away)\n\nFRIDAY –\n6:45 - 8am:\n1s and 2s \nStrength and Conditioning @ Park Place\n\nSUNDAY –\n6 - 8pm:\n1s - 6s\nCourt Session @ Talybont",
				"buttons": [
					{
						"name": "Thank you!",
						"commands": ["/dialogue open @s @initiator netball_welcome"]
					}
				]
			},
			{
				"scene_tag": "netball_club_scene_3",
				"npc_name": "Netball Club Rep",
				"text": "Netball Club Standard Membership is £70.00\nNetball Club Social Membership is £15.00\nNetball Club Erasmus Membership is £35.00\nNetball Club IMG Team Membership is £55.00\nYou also need the AU Membership before purchasing a club membership.",
				"buttons": [
					{
						"name": "Thank you!",
						"commands": ["/dialogue open @s @initiator netball_welcome"]
					}
				]
			},
			{
				"scene_tag": "netball_club_scene_4",
				"npc_name": "Netball Club Rep",
				"text": "The Netball Club has weekly socials on a Wednesday held at Misfits, one of our sponsors this year. As well as this, we host a Christmas Meal, charity ball and an end of year awards at Revs – another one of our sponsors this year. As a club this year we have chosen to support a variety of charities. Our two fundraising secs this year have amazing ideas for this year which will be released throughout the year.",
				"buttons": [
					{
						"name": "Thank you!",
						"commands": ["/dialogue open @s @initiator netball_welcome"]
					}
				]
			}
		]
	}
}